{
  "overall": {
    "loss": 0.7560691833496094,
    "accuracy": 0.747826099395752
  },
  "macro": {
    "accuracy": 0.7478260869565218,
    "macro_precision": 0.7245308574497056,
    "macro_recall": 0.7730020796197267,
    "macro_f1_score": 0.7401421770863164
  },
  "per_class": {
    "dry": {
      "precision": 0.8638743455497382,
      "recall": 0.6470588235294118,
      "f1_score": 0.7399103139013453,
      "support": 255
    },
    "e_waste": {
      "precision": 0.7384615384615385,
      "recall": 0.8888888888888888,
      "f1_score": 0.8067226890756303,
      "support": 108
    },
    "hazardous": {
      "precision": 0.5714285714285714,
      "recall": 0.7,
      "f1_score": 0.6292134831460674,
      "support": 80
    },
    "wet": {
      "precision": 0.7243589743589743,
      "recall": 0.8560606060606061,
      "f1_score": 0.7847222222222222,
      "support": 132
    }
  }
}