{
  "accuracy": [
    0.4395652115345001,
    0.6117391586303711,
    0.658695638179779,
    0.6839130520820618,
    0.699999988079071,
    0.7152174115180969,
    0.7291304469108582,
    0.7434782385826111,
    0.7773913145065308,
    0.791304349899292
  ],
  "loss": [
    1.4102437496185303,
    1.0303388833999634,
    0.9555553793907166,
    0.9085118174552917,
    0.9001762270927429,
    0.8623211979866028,
    0.7546449303627014,
    0.7197451591491699,
    0.6592381000518799,
    0.6367306113243103
  ],
  "val_accuracy": [
    0.5930435061454773,
    0.6417391300201416,
    0.6678261160850525,
    0.7130434513092041,
    0.7286956310272217,
    0.695652186870575,
    0.7008695602416992,
    0.7147825956344604,
    0.747826099395752,
    0.7339130640029907
  ],
  "val_loss": [
    1.113661527633667,
    1.0474210977554321,
    0.9915884137153625,
    0.9150313138961792,
    0.8939803242683411,
    0.9308983087539673,
    0.8463491201400757,
    0.812541663646698,
    0.7560691833496094,
    0.7835394144058228
  ],
  "learning_rate": [
    0.0010000000474974513,
    0.0010000000474974513,
    0.0010000000474974513,
    0.0010000000474974513,
    0.0010000000474974513,
    0.0010000000474974513,
    9.999999747378752e-06,
    9.999999747378752e-06,
    9.999999747378752e-06,
    9.999999747378752e-06
  ]
}